{"is_done": false, "epoch_id": 35, "step_wise/train/l": 5.348721981048584, "_timestamp": 1682414855.075718, "step_wise/train/l_fit": 5.050405979156494, "step_wise/train/l_reg": 0.29831603169441223, "step_wise/train/l_reg_raw": 5.966320991516113, "_runtime": 4685.526342868805, "_step": 103, "best_valid_mrr": 0.6787825524806976, "best_valid_epoch": 30, "corr_test_mrr": 0.747404158115387, "corr_test_hits@1": 0.7348066568374634, "corr_test_hits@3": 0.7541436553001404, "corr_test_hits@10": 0.7596684694290161, "step_wise/train/mrr": 0.9927886128425598, "step_wise/train/hits@1": 0.9884999990463257, "step_wise/valid/mrr": 0.6749304234981537, "step_wise/valid/hits@1": 0.6629834175109863, "step_wise/test/mrr": 0.74937903881073, "step_wise/test/hits@1": 0.7375690937042236, "_wandb": {"runtime": 4806}}