{"is_done": false, "epoch_id": 15, "step_wise/train/l": 25.46734046936035, "_timestamp": 1678179285.8572607, "step_wise/train/l_fit": 25.46734046936035, "step_wise/train/l_reg": 5.604765647149179e-07, "step_wise/train/l_reg_raw": 1.1209530384803656e-05, "_runtime": 34.34060764312744, "_step": 40, "best_valid_mrr": 0.7244451940059662, "best_valid_epoch": 12, "corr_test_mrr": 0.8174361288547516, "corr_test_hits@1": 0.7955800890922546, "corr_test_hits@3": 0.8397790193557739, "corr_test_hits@10": 0.8453038930892944, "step_wise/train/mrr": 1.0, "step_wise/train/hits@1": 1.0, "step_wise/valid/mrr": 0.7244451940059662, "step_wise/valid/hits@1": 0.7071823477745056, "step_wise/test/mrr": 0.8174361288547516, "step_wise/test/hits@1": 0.7955800890922546, "_wandb": {"runtime": 38}}