{"is_done": false, "epoch_id": 5, "step_wise/train/l": 25.46734046936035, "_timestamp": 1678788110.1371632, "step_wise/train/l_fit": 25.46734046936035, "step_wise/train/l_reg": 5.604765647149179e-07, "step_wise/train/l_reg_raw": 1.1209530384803656e-05, "_runtime": 10.198055267333984, "_step": 13, "best_valid_mrr": 0.7142283022403717, "best_valid_epoch": 3, "corr_test_mrr": 0.8260256350040436, "corr_test_hits@1": 0.8093922138214111, "corr_test_hits@3": 0.8397790193557739, "corr_test_hits@10": 0.8480663299560547, "step_wise/train/mrr": 0.9984999895095825, "step_wise/train/hits@1": 0.996999979019165, "step_wise/valid/mrr": 0.7142283022403717, "step_wise/valid/hits@1": 0.6878453493118286, "step_wise/test/mrr": 0.8260256350040436, "step_wise/test/hits@1": 0.8093922138214111, "_wandb": {"runtime": 12}}