{"is_done": false, "epoch_id": 41, "step_wise/train/l": 2.6819043159484863, "_timestamp": 1679539066.6489239, "step_wise/train/l_fit": 1.0090076923370361, "step_wise/train/l_reg": 1.6728965044021606, "step_wise/train/l_reg_raw": 33.457923889160156, "_runtime": 80.19362187385559, "_step": 121, "best_valid_mrr": 0.7316840589046478, "best_valid_epoch": 27, "corr_test_mrr": 0.8214272856712341, "corr_test_hits@1": 0.8038673996925354, "corr_test_hits@3": 0.8342541456222534, "corr_test_hits@10": 0.8425414562225342, "step_wise/train/mrr": 1.0, "step_wise/train/hits@1": 1.0, "step_wise/valid/mrr": 0.7306172549724579, "step_wise/valid/hits@1": 0.7099447250366211, "step_wise/test/mrr": 0.820930004119873, "step_wise/test/hits@1": 0.8038673996925354, "_wandb": {"runtime": 81}}