{"is_done": false, "epoch_id": 15, "step_wise/train/l": 3.0637636184692383, "_timestamp": 1727970050.5301318, "step_wise/train/l_fit": 1.2468235492706299, "step_wise/train/l_reg": 1.8169399499893188, "step_wise/train/l_reg_raw": 36.33879852294922, "_runtime": 7.928708791732788, "_step": 200, "best_valid_mrr": 0.7050081491470337, "best_valid_epoch": 12, "corr_test_mrr": 0.8334689140319824, "corr_test_hits@1": 0.8259668350219727, "corr_test_hits@3": 0.8370165824890137, "corr_test_hits@10": 0.8425414562225342, "step_wise/train/mrr": 1.0, "step_wise/train/hits@1": 1.0, "step_wise/valid/mrr": 0.7050081491470337, "step_wise/valid/hits@1": 0.6850828528404236, "step_wise/test/mrr": 0.8334689140319824, "step_wise/test/hits@1": 0.8259668350219727, "_wandb": {"runtime": 8}}