{"is_done": true, "epoch_id": 99, "step_wise/train/l": 2.0128462314605713, "_timestamp": 1728029024.821381, "step_wise/train/l_fit": 1.6668837070465088, "step_wise/train/l_reg": 0.3459625244140625, "step_wise/train/l_reg_raw": 6.91925048828125, "_runtime": 19.857181072235107, "_step": 1456, "best_valid_mrr": 0.6760111153125763, "best_valid_epoch": 87, "corr_test_mrr": 0.7502669990062714, "corr_test_hits@1": 0.7237569093704224, "corr_test_hits@3": 0.7624309659004211, "corr_test_hits@10": 0.7872928380966187, "step_wise/train/mrr": 0.9756805896759033, "step_wise/train/hits@1": 0.9550000429153442, "step_wise/valid/mrr": 0.6746583580970764, "step_wise/valid/hits@1": 0.6519337296485901, "step_wise/test/mrr": 0.7468233406543732, "step_wise/test/hits@1": 0.7154695987701416}