{"is_done": true, "epoch_id": 99, "step_wise/train/l": 16.27545928955078, "_timestamp": 1678071631.081894, "step_wise/train/l_fit": 14.658184051513672, "step_wise/train/l_reg": 1.617275357246399, "step_wise/train/l_reg_raw": 32.34550476074219, "_runtime": 260.2667579650879, "_step": 401, "best_valid_mrr": 0.6899398565292358, "best_valid_epoch": 9, "corr_test_mrr": 0.6927584409713745, "corr_test_hits@1": 0.4950248599052429, "corr_test_hits@3": 0.8706467747688293, "corr_test_hits@10": 0.9950248599052429, "step_wise/train/mrr": 1.0, "step_wise/train/hits@1": 1.0, "step_wise/valid/mrr": 0.65212681889534, "step_wise/valid/hits@1": 0.4422110617160797, "step_wise/test/mrr": 0.6637517511844635, "step_wise/test/hits@1": 0.44029849767684937, "_wandb": {"runtime": 258}}