{"is_done": true, "epoch_id": 99, "step_wise/train/l": 2.509122848510742, "_timestamp": 1681976727.5781279, "step_wise/train/l_fit": 0.9277515411376953, "step_wise/train/l_reg": 1.5813711881637573, "step_wise/train/l_reg_raw": 31.627424240112305, "_runtime": 126.91651177406311, "_step": 301, "best_valid_mrr": 0.7336860299110413, "best_valid_epoch": 69, "corr_test_mrr": 0.8149861693382263, "corr_test_hits@1": 0.7983425259590149, "corr_test_hits@3": 0.8314917087554932, "corr_test_hits@10": 0.8342541456222534, "step_wise/train/mrr": 1.0, "step_wise/train/hits@1": 1.0, "step_wise/valid/mrr": 0.7276798188686371, "step_wise/valid/hits@1": 0.7071823477745056, "step_wise/test/mrr": 0.8077740669250488, "step_wise/test/hits@1": 0.7872928380966187, "_wandb": {"runtime": 126}}