{"is_done": false, "epoch_id": 27, "step_wise/train/l": 25.46733856201172, "_timestamp": 1682487985.0706074, "step_wise/train/l_fit": 25.46733856201172, "step_wise/train/l_reg": 2.4100137352434103e-07, "step_wise/train/l_reg_raw": 4.820027243113145e-06, "_runtime": 71222.51875638962, "_step": 67, "best_valid_mrr": 0.6958634555339813, "best_valid_epoch": 24, "corr_test_mrr": 0.7501700520515442, "corr_test_hits@1": 0.7320442199707031, "corr_test_hits@3": 0.7513812184333801, "corr_test_hits@10": 0.7817679643630981, "step_wise/train/mrr": 0.985291600227356, "step_wise/train/hits@1": 0.9760000109672546, "step_wise/valid/mrr": 0.6906763911247253, "step_wise/valid/hits@1": 0.6629834175109863, "step_wise/test/mrr": 0.7528790533542633, "step_wise/test/hits@1": 0.7348066568374634}