{"is_done": false, "epoch_id": 3, "step_wise/train/l": 25.46734046936035, "_timestamp": 1678179457.2053673, "step_wise/train/l_fit": 25.46734046936035, "step_wise/train/l_reg": 5.604765647149179e-07, "step_wise/train/l_reg_raw": 1.1209530384803656e-05, "_runtime": 4.3596343994140625, "_step": 4, "best_valid_mrr": 0.7069908976554871, "best_valid_epoch": 0, "corr_test_mrr": 0.7580715715885162, "corr_test_hits@1": 0.7265193462371826, "corr_test_hits@3": 0.7845304012298584, "corr_test_hits@10": 0.8011050224304199, "step_wise/train/mrr": 0.9743134677410126, "step_wise/train/hits@1": 0.9599999785423279, "step_wise/valid/mrr": 0.7069908976554871, "step_wise/valid/hits@1": 0.6823204755783081, "step_wise/test/mrr": 0.7580715715885162, "step_wise/test/hits@1": 0.7265193462371826, "_wandb": {"runtime": 6}}