{"is_done": false, "epoch_id": 57, "step_wise/train/l": 2.70424222946167, "_timestamp": 1683529274.1552095, "step_wise/train/l_fit": 2.197136640548706, "step_wise/train/l_reg": 0.5071057081222534, "step_wise/train/l_reg_raw": 10.14211368560791, "_runtime": 336426.6106746197, "_step": 157, "best_valid_mrr": 0.6958634555339813, "best_valid_epoch": 24, "corr_test_mrr": 0.7501700520515442, "corr_test_hits@1": 0.7320442199707031, "corr_test_hits@3": 0.7513812184333801, "corr_test_hits@10": 0.7817679643630981, "step_wise/train/mrr": 0.9962916374206543, "step_wise/train/hits@1": 0.9944999814033508, "step_wise/valid/mrr": 0.6892409026622772, "step_wise/valid/hits@1": 0.6657458543777466, "step_wise/test/mrr": 0.7552573978900909, "step_wise/test/hits@1": 0.7375690937042236}