{"is_done": true, "epoch_id": 99, "step_wise/train/l": 1.2137339115142822, "_timestamp": 1728028421.829824, "step_wise/train/l_fit": 1.088530421257019, "step_wise/train/l_reg": 0.1252034455537796, "step_wise/train/l_reg_raw": 2.5040688514709473, "_runtime": 12582.932470083237, "_step": 1501, "best_valid_mrr": 0.7144214808940887, "best_valid_epoch": 75, "corr_test_mrr": 0.7782776653766632, "corr_test_hits@1": 0.7624309062957764, "corr_test_hits@3": 0.7734806537628174, "corr_test_hits@10": 0.8176795244216919, "step_wise/train/mrr": 1.0, "step_wise/train/hits@1": 1.0, "step_wise/valid/mrr": 0.7125099301338196, "step_wise/valid/hits@1": 0.6988950371742249, "step_wise/test/mrr": 0.7765247821807861, "step_wise/test/hits@1": 0.7596684694290161, "_wandb": {"runtime": 12581}}