{"is_done": false, "epoch_id": 1, "step_wise/train/l": 25.46733856201172, "_timestamp": 1683013187.9342515, "step_wise/train/l_fit": 25.46733856201172, "step_wise/train/l_reg": 2.4100137352434103e-07, "step_wise/train/l_reg_raw": 4.820027243113145e-06, "_runtime": 110.52713060379028, "_step": 0, "best_valid_mrr": 0.48599494993686676, "best_valid_epoch": 0, "corr_test_mrr": 0.514164462685585, "corr_test_hits@1": 0.46685081720352173, "corr_test_hits@3": 0.5248618721961975, "corr_test_hits@10": 0.6160221099853516}