{"is_done": false, "epoch_id": 11, "step_wise/train/l": 7.715771675109863, "_timestamp": 1678020975.6700068, "step_wise/train/l_fit": 4.936257362365723, "step_wise/train/l_reg": 2.7795145511627197, "step_wise/train/l_reg_raw": 55.590293884277344, "_runtime": 181005.59762573242, "_step": 6000, "best_valid_mrr": 0.36303603649139404, "best_valid_epoch": 9, "corr_test_mrr": 0.35766422748565674, "corr_test_hits@1": 0.2664174735546112, "corr_test_hits@3": 0.39416593313217163, "corr_test_hits@10": 0.538063108921051, "step_wise/train/mrr": 0.8441043496131897, "step_wise/train/hits@1": 0.7849999666213989, "step_wise/valid/mrr": 0.36303603649139404, "step_wise/valid/hits@1": 0.27282577753067017, "step_wise/test/mrr": 0.35766422748565674, "step_wise/test/hits@1": 0.2664174735546112, "_wandb": {"runtime": 182323}}