{"is_done": false, "epoch_id": 2, "step_wise/train/l": 9.140094757080078, "_timestamp": 1678028223.6588964, "step_wise/train/l_fit": 6.36305046081543, "step_wise/train/l_reg": 2.7770438194274902, "step_wise/train/l_reg_raw": 55.54087448120117, "_runtime": 4125.845727443695, "_step": 1000, "best_valid_mrr": 0.2867821827530861, "best_valid_epoch": 0, "corr_test_mrr": 0.2836495339870453, "corr_test_hits@1": 0.20343497395515442, "corr_test_hits@3": 0.30992865562438965, "corr_test_hits@10": 0.44417572021484375, "step_wise/train/mrr": 0.5483434796333313, "step_wise/train/hits@1": 0.429500013589859, "step_wise/valid/mrr": 0.2867821827530861, "step_wise/valid/hits@1": 0.20704305171966553, "step_wise/test/mrr": 0.2836495339870453, "step_wise/test/hits@1": 0.20343497395515442, "_wandb": {"runtime": 4494}}