{"is_done": false, "epoch_id": 7, "step_wise/train/l": 25.46734046936035, "_timestamp": 1678180920.6434996, "step_wise/train/l_fit": 25.46734046936035, "step_wise/train/l_reg": 5.604765647149179e-07, "step_wise/train/l_reg_raw": 1.1209530384803656e-05, "_runtime": 13.768086671829224, "_step": 22, "best_valid_mrr": 0.7142283022403717, "best_valid_epoch": 3, "corr_test_mrr": 0.8260256350040436, "corr_test_hits@1": 0.8093922138214111, "corr_test_hits@3": 0.8397790193557739, "corr_test_hits@10": 0.8480663299560547, "step_wise/train/mrr": 1.0, "step_wise/train/hits@1": 1.0, "step_wise/valid/mrr": 0.7080460786819458, "step_wise/valid/hits@1": 0.6850829124450684, "step_wise/test/mrr": 0.8321769833564758, "step_wise/test/hits@1": 0.8204419612884521, "_wandb": {"runtime": 14}}