{"is_done": false, "epoch_id": 23, "step_wise/train/l": 25.46733856201172, "_timestamp": 1683091701.9465506, "step_wise/train/l_fit": 25.46733856201172, "step_wise/train/l_reg": 2.4100137352434103e-07, "step_wise/train/l_reg_raw": 4.820027243113145e-06, "_runtime": 7221.230584621429, "_step": 58, "best_valid_mrr": 0.6906763911247253, "best_valid_epoch": 21, "corr_test_mrr": 0.7528790533542633, "corr_test_hits@1": 0.7348066568374634, "corr_test_hits@3": 0.7569060921669006, "corr_test_hits@10": 0.7817679643630981, "step_wise/train/mrr": 0.987956166267395, "step_wise/train/hits@1": 0.9810000061988831, "step_wise/valid/mrr": 0.6880391538143158, "step_wise/valid/hits@1": 0.6602209806442261, "step_wise/test/mrr": 0.7408729195594788, "step_wise/test/hits@1": 0.7182320356369019}