{"is_done": false, "epoch_id": 21, "step_wise/train/l": 25.46733856201172, "_timestamp": 1684213675.3720884, "step_wise/train/l_fit": 25.46733856201172, "step_wise/train/l_reg": 2.4100137352434103e-07, "step_wise/train/l_reg_raw": 4.820027243113145e-06, "_runtime": 6652.561133384705, "_step": 58, "best_valid_mrr": 0.6880391538143158, "best_valid_epoch": 18, "corr_test_mrr": 0.7408729195594788, "corr_test_hits@1": 0.7182320356369019, "corr_test_hits@3": 0.7486187815666199, "corr_test_hits@10": 0.7817679643630981, "step_wise/train/mrr": 0.987956166267395, "step_wise/train/hits@1": 0.9810000061988831, "step_wise/valid/mrr": 0.6880391538143158, "step_wise/valid/hits@1": 0.6602209806442261, "step_wise/test/mrr": 0.7408729195594788, "step_wise/test/hits@1": 0.7182320356369019, "_wandb": {"runtime": 7381}}