{"is_done": false, "epoch_id": 3, "step_wise/train/l": 25.46733856201172, "_timestamp": 1682415614.9530687, "step_wise/train/l_fit": 25.46733856201172, "step_wise/train/l_reg": 2.4100137352434103e-07, "step_wise/train/l_reg_raw": 4.820027243113145e-06, "_runtime": 432.3881938457489, "_step": 4, "best_valid_mrr": 0.48599494993686676, "best_valid_epoch": 0, "corr_test_mrr": 0.514164462685585, "corr_test_hits@1": 0.46685081720352173, "corr_test_hits@3": 0.5248618721961975, "corr_test_hits@10": 0.6160221099853516, "step_wise/train/mrr": 0.7279072403907776, "step_wise/train/hits@1": 0.6705000400543213, "step_wise/valid/mrr": 0.48599494993686676, "step_wise/valid/hits@1": 0.4419889450073242, "step_wise/test/mrr": 0.514164462685585, "step_wise/test/hits@1": 0.46685081720352173, "_wandb": {"runtime": 1351}}