{"is_done": false, "epoch_id": 49, "step_wise/train/l": 2.6819043159484863, "_timestamp": 1678783235.8425393, "step_wise/train/l_fit": 1.0090076923370361, "step_wise/train/l_reg": 1.6728965044021606, "step_wise/train/l_reg_raw": 33.457923889160156, "_runtime": 99.17561841011047, "_step": 148, "best_valid_mrr": 0.7316840589046478, "best_valid_epoch": 27, "corr_test_mrr": 0.8214272856712341, "corr_test_hits@1": 0.8038673996925354, "corr_test_hits@3": 0.8342541456222534, "corr_test_hits@10": 0.8425414562225342, "step_wise/train/mrr": 1.0, "step_wise/train/hits@1": 1.0, "step_wise/valid/mrr": 0.7138752937316895, "step_wise/valid/hits@1": 0.6823204755783081, "step_wise/test/mrr": 0.8184024095535278, "step_wise/test/hits@1": 0.7983425259590149, "_wandb": {"runtime": 99}}