{"is_done": false, "epoch_id": 21, "step_wise/train/l": 17.57731056213379, "_timestamp": 1678067556.4844685, "step_wise/train/l_fit": 17.57731056213379, "step_wise/train/l_reg": 5.651984906762664e-07, "step_wise/train/l_reg_raw": 1.1303969586151652e-05, "_runtime": 47.65228056907654, "_step": 77, "best_valid_mrr": 0.706555038690567, "best_valid_epoch": 12, "corr_test_mrr": 0.6702074408531189, "corr_test_hits@1": 0.5320197343826294, "corr_test_hits@3": 0.7586207389831543, "corr_test_hits@10": 0.935960590839386, "step_wise/train/mrr": 0.9997499883174896, "step_wise/train/hits@1": 0.999500036239624, "step_wise/valid/mrr": 0.6827122569084167, "step_wise/valid/hits@1": 0.5420792102813721, "step_wise/test/mrr": 0.6604804396629333, "step_wise/test/hits@1": 0.5197044014930725, "_wandb": {"runtime": 50}}