{"is_done": false, "epoch_id": 1, "step_wise/train/l": 10.098713874816895, "_timestamp": 1680077489.5478463, "step_wise/train/l_fit": 7.272047519683838, "step_wise/train/l_reg": 2.8266661167144775, "step_wise/train/l_reg_raw": 56.533321380615234, "_runtime": 2027.4577412605286, "_step": 546, "best_valid_mrr": 0.2867821827530861, "best_valid_epoch": 0, "corr_test_mrr": 0.2836495339870453, "corr_test_hits@1": 0.20343497395515442, "corr_test_hits@3": 0.30992865562438965, "corr_test_hits@10": 0.44417572021484375, "step_wise/train/mrr": 0.5483434796333313, "step_wise/train/hits@1": 0.429500013589859, "step_wise/valid/mrr": 0.2867821827530861, "step_wise/valid/hits@1": 0.20704305171966553, "step_wise/test/mrr": 0.2836495339870453, "step_wise/test/hits@1": 0.20343497395515442}