{"is_done": false, "epoch_id": 35, "step_wise/train/l": 1.1528810262680054, "_timestamp": 1727968692.9865377, "step_wise/train/l_fit": 1.0173182487487793, "step_wise/train/l_reg": 0.13556276261806488, "step_wise/train/l_reg_raw": 2.7112550735473633, "_runtime": 205.19357776641846, "_step": 511, "best_valid_mrr": 0.7081907689571381, "best_valid_epoch": 30, "corr_test_mrr": 0.7793970108032227, "corr_test_hits@1": 0.7624309062957764, "corr_test_hits@3": 0.7817679643630981, "corr_test_hits@10": 0.8149170875549316, "step_wise/train/mrr": 1.0, "step_wise/train/hits@1": 1.0, "step_wise/valid/mrr": 0.6959193050861359, "step_wise/valid/hits@1": 0.6823204755783081, "step_wise/test/mrr": 0.7810454368591309, "step_wise/test/hits@1": 0.7651933431625366, "_wandb": {"runtime": 211}}