{"is_done": false, "epoch_id": 27, "step_wise/train/l": 25.46734046936035, "_timestamp": 1680081362.789419, "step_wise/train/l_fit": 25.46734046936035, "step_wise/train/l_reg": 5.604765647149179e-07, "step_wise/train/l_reg_raw": 1.1209530384803656e-05, "_runtime": 41.5143678188324, "_step": 76, "best_valid_mrr": 0.7280239164829254, "best_valid_epoch": 24, "corr_test_mrr": 0.8187689185142517, "corr_test_hits@1": 0.7983425259590149, "corr_test_hits@3": 0.8342541456222534, "corr_test_hits@10": 0.8425414562225342, "step_wise/train/mrr": 1.0, "step_wise/train/hits@1": 1.0, "step_wise/valid/mrr": 0.7280239164829254, "step_wise/valid/hits@1": 0.7071823477745056, "step_wise/test/mrr": 0.8187689185142517, "step_wise/test/hits@1": 0.7983425259590149, "_wandb": {"runtime": 43}}