{"is_done": false, "epoch_id": 2, "step_wise/train/l": 25.467334747314453, "_timestamp": 1727969824.7570775, "step_wise/train/l_fit": 25.467334747314453, "step_wise/train/l_reg": 4.8550347742093436e-08, "step_wise/train/l_reg_raw": 9.710068979984499e-07, "_runtime": 2.4580793380737305, "_step": 0, "best_valid_mrr": 0.46448998153209686, "best_valid_epoch": 0, "corr_test_mrr": 0.5708478093147278, "corr_test_hits@1": 0.5, "corr_test_hits@3": 0.6243094205856323, "corr_test_hits@10": 0.6795580387115479}