{"is_done": false, "epoch_id": 9, "step_wise/train/l": 25.46733856201172, "_timestamp": 1683076983.633544, "step_wise/train/l_fit": 25.46733856201172, "step_wise/train/l_reg": 2.4100137352434103e-07, "step_wise/train/l_reg_raw": 4.820027243113145e-06, "_runtime": 61321.29034495354, "_step": 13, "best_valid_mrr": 0.6758459806442261, "best_valid_epoch": 6, "corr_test_mrr": 0.7306367754936218, "corr_test_hits@1": 0.6988950371742249, "corr_test_hits@3": 0.7513812184333801, "corr_test_hits@10": 0.7790055274963379, "step_wise/train/mrr": 0.9314546585083008, "step_wise/train/hits@1": 0.8985000252723694, "step_wise/valid/mrr": 0.6534374058246613, "step_wise/valid/hits@1": 0.6160221099853516, "step_wise/test/mrr": 0.690544456243515, "step_wise/test/hits@1": 0.6491712331771851}